Region,Hospitals,Pop,PerCapita
1,1698,57026847,0.000029775
2,3370,68783028,0.000048995
3,6038,128702030,0.000046915
4,2277,78759506,0.000028911
