Region,Hospital,Pop,PerCap
1,1365,54571147,0.0000250
2,1722,65729852,0.0000262
3,2894,105944965,0.0000273
4,1545,67409440,0.0000229
,,,
